id,name,auto_macro_key,icon,display_effect,description,item_type,item_sub_type,price,quality_type,effect,param,max_cnt,level,quick_use,auto_use,jump,access_source
int,str,str,str,int,str,int,int,iter,int,int,str,int,int,int,int,int,str
道具id,道具名称,宏定义,图标资源,道具图标特效id,道具描述,道具类型,"道具子类型
需要使用子类型的的时候就填，
子类型参照item_sub_type,
不需要则可以不填","出售价格
1、填 [] 代表不能出售
2、如果能出售，需要
配置出售可获得的
道具id及数量，配置
格式：
[(道具id,数量),...]",道具品质,使用效果,使用或获得效果参数,最大堆叠上限，部分物品可以超仓库上限，但是不能超过该上限,使用等级,快捷使用,自动使用,跳转,获得来源
key:1|macro:value,macro:desc,macro:name,not_empty,,,,,,,,,,,,,,
,,,,,,,,,,,,,,,,,
1,钻石,ITEM_DIAMOND,1,,充值货币，可以通过充值、活动获得,1,1,[],4,,,999999999,1,,,,
2,金币,ITEM_GOLD,2,,常规货币,1,,[],4,,,999999999,1,,,,
11,银币,ITEM_SILVER,11,,常规货币,1,2,[],3,,,999999999,1,,,,
13,英雄经验,HERO_EXP,13,,,1,,[],1,,,999999999,1,,,,
14,技能点,SKILL_POINT,14,,用来强化技能,1,,[],3,,,999999999,1,,,,
15,战功,MARTIAL_ARTS,4,,用于战功商店购买,1,,[],1,,,999999999,1,,,,
16,证书,ITEM_BOOK,16,,用于建造建筑、屯田,1,,[],1,,,999999999,1,,,,
17,预备兵,ITEM_CITY_CONSCRIPTION,17,,用于快速补充英雄的兵力,401,,[],2,,1,1,,,,,
18,试炼币,ITEM_TRIAL,18,,通过试炼获得的货币，可在试炼商店购买商品,1,,[],3,,,999999999,1,,,,
19,竞技币,ITEM_ARENA,19,,通过竞技场获得的货币，可在竞技商店购买商品,1,,[],3,,,999999999,1,,,,
21,水晶,RES_CRYSTAL,21,,基础资源,2,,[],3,,,999999999,1,,,,
22,金属,RES_METAL,22,,基础资源,2,,[],3,,,999999999,1,,,,
23,石油,RES_OIL,23,,基础资源,2,,[],3,,,999999999,1,,,,
24,粮食,RES_FOOD,24,,基础资源,2,,[],3,,,999999999,1,,,,
31,联盟贡献,GUILD_CONTRIBUTION,2,,,1,,[],1,,,999999999,1,,,,
32,联盟积分,GUILD_INTEGRAL,32,,通过联盟任务获得的积分，可在联盟商店购买商品,1,,[],1,,,999999999,1,,,,
41,活跃度,ITEM_ACTIVE,2,,完成日常任务后所获得的活跃度,1,,[],1,,,999999999,1,,,,
43,科技值,ITEM_REPUTATION,43,,每100科技值增加1块领地上限,5,,[],4,,,999999999,1,,,,
51,积分,ITEM_INTEGRAL,51,,完成七日目标后所获得的积分,1,,[],1,,,999999999,1,,,,
52,预备兵,ITEM_SUB_CITY_CONSCRIPTION,17,,用于快速补充英雄的兵力,401,,[],2,,1,1,,,,,
2040101,传说召唤券,,2040101,,可以在“传说英雄”卡池中免费进行一次召唤,8,,[],4,101,[1],999999999,1,1,,10110,
2040102,霸业召唤券,,2040102,,可以在霸业卡池“征服之军”、“整装待发”、“秩序重构”、“星战将起”、“战争号角”、“星球主宰”中免费进行一次召唤,8,,"[(2,100)]",4,101,"[11,12,13,14,15,16]",999999999,1,1,,10110,
2040201,传说英雄卡,,2040201,12052,随机获得一个传说英雄,7,,[],5,1,50105,999999999,1,1,,,
2040202,人族传说卡,,2040201,12052,随机获得一个人族的传说英雄,7,,[],5,1,50105,999999999,1,1,,,
2040203,兽族传说卡,,2040201,12052,随机获得一个兽族的传说英雄,7,,[],5,1,50105,999999999,1,1,,,
2040204,机械传说卡,,2040201,12052,随机获得一个机械族的传说英雄,7,,[],5,1,50105,999999999,1,1,,,
2040205,神族传说卡,,2040201,12052,随机获得一个神族的传说英雄,7,,[],5,1,50105,999999999,1,1,,,
2040211,精英英雄卡,,2040211,,随机获得一个精英英雄,7,,[],4,1,50023,999999999,1,1,,,
2040301,角色改名卡,,1,,,9,,[],3,,,999999999,1,,,,
2041001,初级治愈,,50002,,治疗型技能，英雄学习后，战斗中生效,10,,[],2,,[22307],1,1,,,,
2041002,战争践踏,,50007,,物理伤害型技能，英雄学习后，战斗中生效,10,,[],2,,[22313],1,1,,,,
2041003,魔力打击,,50004,,魔法伤害型技能，英雄学习后，战斗中生效,10,,[],2,,[22312],1,1,,,,
2050000,食光陨金,,2050000,,星域中较为常见的金矿石材料，多产自小行星带。在[72c591]装备所[-]打造初级战器和装甲，通过[e4c67d]星际海盗[-]和[e4c67d]探索[-]获取,302,,"[(11,100)]",1,,,999999999,1,,,,
2050001,月银灵矿,,2050001,,易获取的银矿石，产自星球伴星地表，有良好的延展性。在[72c591]装备所[-]打造初级战器，通过[e4c67d]星际海盗[-]和[e4c67d]探索[-]获取,302,,"[(11,100)]",1,,,999999999,1,,,,
2050002,地核融铁,,2050002,,提取自行星地核的铁单质。在[72c591]装备所[-]打造初级装甲，可通过[e4c67d]星际海盗[-]和[e4c67d]探索[-]获取,302,,"[(11,100)]",1,,,999999999,1,,,,
2050100,夺萃琥珀体,,2050100,,琥珀体蕴含的远古灵液是殖装最佳淬火材料。在[72c591]装备所[-]打造中级战器和装甲，通过[e4c67d]星际海盗[-]和[e4c67d]探索[-]获取,302,,"[(11,100)]",2,,,999999999,1,,,,
2050101,域外寒精石,,2050101,,从星域北方外飞入的小行星流中所蕴含的寒精石。在[72c591]装备所[-]打造中级战器，通过[e4c67d]星际海盗[-]和[e4c67d]探索[-]获取,302,,"[(11,100)]",2,,,999999999,1,,,,
2050102,宙隙能晶块,,2050102,,跃迁所打开的虫洞中的能量晶块，色呈银白色。在[72c591]装备所[-]打造中级装甲，可通过[e4c67d]星际海盗[-]和[e4c67d]探索[-]获取,302,,"[(11,100)]",2,,,999999999,1,,,,
2050200,位面粹彩矿,,2050200,,由于大量召唤仪式的缘故，彩矿广泛出现于星域。在[72c591]装备所[-]打造高级战器和装甲，通过[e4c67d]星际海盗[-]和[e4c67d]探索[-]获取,302,,"[(11,100)]",3,,,999999999,1,,,,
2050201,恒星能源体,,2050201,,星系恒星的伴生源体，其既有极佳延展性又能为战器附能。在[72c591]装备所[-]打造高级战器，通过[e4c67d]星际海盗[-]和[e4c67d]探索[-]获取,302,,"[(11,100)]",3,,,999999999,1,,,,
2050202,中子星恒金,,2050202,,中子星地核的珍贵恒金体，其的硬度是钻石的十七万倍。在[72c591]装备所[-]打造高级装甲，通过[e4c67d]星际海盗[-]和[e4c67d]探索[-]获取,302,,"[(11,100)]",3,,,999999999,1,,,,
2050301,澄明晶核体,,2050301,,星域极东熔浆河流中的稀有矿物，兼有极佳延展性和硬度。在[72c591]装备所[-]打造顶级战器，通过[e4c67d]星际海盗[-]和[e4c67d]探索[-]获取,302,,"[(11,100)]",4,,,999999999,1,,,,
2050302,璀璨微星环,,2050302,,万物终有终焉，星河衰老坍缩的产物就是微星环。在[72c591]装备所[-]打造顶级战器，通过[e4c67d]星际海盗[-]和[e4c67d]探索[-]获取,302,,"[(11,100)]",4,,,999999999,1,,,,
2050303,玲珑神明心,,2050303,,神明心从里到外透露着浓重的血腥味，极度稀缺的材料。在[72c591]装备所[-]打造顶级战器，通过[e4c67d]星际海盗[-]和[e4c67d]探索[-]获取,302,,"[(11,100)]",4,,,999999999,1,,,,
2050304,无暇星辰泪,,2050304,,星辰泪是星域中最为罕有却又最具有价值的材料。在[72c591]装备所[-]打造顶级装甲，通过[e4c67d]星际海盗[-]和[e4c67d]探索[-]获取,302,,"[(11,100)]",4,,,999999999,1,,,,
2050305,完美赤炎钻,,2050305,,产自星域西部的金牛星系红巨星毕宿五的深处，极度坚硬。在[72c591]装备所[-]打造顶级装甲，通过[e4c67d]星际海盗[-]和[e4c67d]探索[-]获取,302,,"[(11,100)]",4,,,999999999,1,,,,
2050306,天成橙矿晶,,2050306,,神奇的水晶，可以达成持有者的三个心愿。在[72c591]装备所[-]打造顶级装甲，通过[e4c67d]星际海盗[-]和[e4c67d]探索[-]获取,302,,"[(11,100)]",4,,,999999999,1,,,,
2060001,神罚者的裁决,,2060000,12052,顶级芯片，可在[72c591]装备所[-]用于锻造[e4c67d]神罚者的裁决[-],302,,"[(11,150)]",5,,,999999999,1,,,,
2060002,炼狱守护之怒,,2060000,12052,顶级芯片，可在[72c591]装备所[-]用于锻造[e4c67d]炼狱守护之怒[-],302,,"[(11,150)]",5,,,999999999,1,,,,
2060003,德鲁伊之狂猎,,2060000,12052,顶级芯片，可在[72c591]装备所[-]用于锻造[e4c67d]德鲁伊之狂猎[-],302,,"[(11,150)]",5,,,999999999,1,,,,
2060004,天堂陷落之歌,,2060000,12052,顶级芯片，可在[72c591]装备所[-]用于锻造[e4c67d]天堂陷落之歌[-],302,,"[(11,150)]",5,,,999999999,1,,,,
2060005,湮星者烈炮枪,,2060000,12052,顶级芯片，可在[72c591]装备所[-]用于锻造[e4c67d]湮星者烈炮枪[-],302,,"[(11,150)]",5,,,999999999,1,,,,
2060006,细胞增殖装甲,,2060000,12052,顶级芯片，可在[72c591]装备所[-]用于锻造[e4c67d]细胞增殖装甲[-],302,,"[(11,150)]",5,,,999999999,1,,,,
2060007,声波阻控战铠,,2060000,12052,顶级芯片，可在[72c591]装备所[-]用于锻造[e4c67d]声波阻控战铠[-],302,,"[(11,150)]",5,,,999999999,1,,,,
2060008,空跃灵动战铠,,2060000,12052,顶级芯片，可在[72c591]装备所[-]用于锻造[e4c67d]空跃灵动战铠[-],302,,"[(11,150)]",5,,,999999999,1,,,,
2060009,神孽克星重铠,,2060000,12052,顶级芯片，可在[72c591]装备所[-]用于锻造[e4c67d]神孽克星重铠[-],302,,"[(11,150)]",5,,,999999999,1,,,,
2060010,天下布武战甲,,2060000,12052,顶级芯片，可在[72c591]装备所[-]用于锻造[e4c67d]天下布武战甲[-],302,,"[(11,150)]",5,,,999999999,1,,,,
2060011,手持式光湮炮,,2060000,12052,顶级芯片，可在[72c591]装备所[-]用于锻造[e4c67d]手持式光湮炮[-],302,,"[(11,150)]",5,,,999999999,1,,,,
2060012,焚雀陨神轻铠,,2060000,12052,顶级芯片，可在[72c591]装备所[-]用于锻造[e4c67d]焚雀陨神轻铠[-],302,,"[(11,150)]",5,,,999999999,1,,,,
2070001,测试道具1,,1,,打开获得固定东西,7,,[],5,1,1002,999999999,1,1,,,
2070002,测试道具2,,1,,4选1,7,,[],5,2,"[(1,100),(11,88888),(2060001,1),(10001,1)]",999999999,1,1,,,
2080001,初级强化石,,2080001,,强化殖装100点经验,302,,,3,3,100,999999999,1,,,,
2080002,中级强化石,,2080002,,强化殖装1000点经验,302,,,4,3,1000,999999999,1,,,,
2080003,高级强化石,,2080003,,强化殖装10000点经验,302,,,5,3,10000,999999999,1,,,,
2081001,进阶石,,2081001,12052,用于进阶殖装，获得特技,302,,,5,,,999999999,1,,,,
2082001,洗炼石,,2082001,12052,用于洗炼殖装的特技,302,,,5,,,999999999,1,,,,
2083001,装备养成礼包,,2040401,,获得1个进阶石和5个中级强化石,7,,[],5,1,2401,999999999,1,1,,,
2090001,随机材料宝箱,,2070000,,随机获得一个普通品质的殖装材料,7,,[],1,1,2001,999999999,1,1,,,
2090002,随机材料宝箱,,2070000,,随机获得一个精良品质的殖装材料,7,,[],2,1,2002,999999999,1,1,,,
2090003,随机材料宝箱,,2070000,,随机获得一个稀有品质的殖装材料,7,,[],3,1,2003,999999999,1,1,,,
2090004,随机材料宝箱,,2070000,,随机获得一个卓越品质的殖装材料,7,,[],4,1,2004,999999999,1,1,,,
2090101,普通材料宝箱,,2070000,,获得3个普通品质的殖装材料,7,,[],1,1,2101,999999999,1,1,,,
2090102,精良材料宝箱,,2070000,,获得3个精良品质的殖装材料,7,,[],2,1,2102,999999999,1,1,,,
2090103,稀有材料宝箱,,2070000,,获得3个稀有品质的殖装材料,7,,[],3,1,2103,999999999,1,1,,,
2090104,卓越材料宝箱,,2070000,,获得6个卓越品质的殖装材料,7,,[],4,1,2104,999999999,1,1,,,
2090201,初级材料宝箱,,2070000,,获得一套打造初级装备的材料,7,,[],1,1,2201,999999999,1,1,,,
2090202,中级材料宝箱,,2070000,,获得一套打造中级装备的材料,7,,[],2,1,2202,999999999,1,1,,,
2090203,高级材料宝箱,,2040401,,获得一套打造高级装备的材料,7,,[],3,1,2203,999999999,1,1,,,
2090204,顶级材料宝箱,,2040401,,获得一套打造顶级装备的材料,7,,[],4,1,2204,999999999,1,1,,,
2090301,顶级芯片宝箱,,2040401,12052,获得一张顶级武器或装甲的打造芯片,7,,[],5,1,2301,999999999,1,1,,,
10001,战锤·查理,,3102003,12052,人族减伤重装,201,,[],5,,,1,1,,,,
10002,游骑·克莱恩,,3102001,,人族物理射手,201,,[],4,,,1,1,,,,
10003,狂猎·科索夫,,3101006,12052,人族物理射手,201,,[],5,,,1,1,,,,
10004,光导·玛修,,3102002,,人族物理射手,201,,[],4,,,1,1,,,,
10005,神牧·米娅,,3101001,12052,人族法系辅助,201,,[],5,,,1,1,,,,
10006,炎爵·炎昊,,3101002,12052,人族输出法师,201,,[],5,,,1,1,,,,
10007,黑镜·周长生,,3101004,12052,人族控制射手,201,,[],5,,,1,1,,,,
10008,妖狐·凃霖,,3101010,,兽族辅助输出,201,,[],4,,,1,1,,,,
10009,暗狼·哈里斯,,3101011,12052,兽族输出刺客,201,,[],5,,,1,1,,,,
10010,角斗士·克戎,,3101008,12052,兽族防御重装,201,,[],5,,,1,1,,,,
10011,狮皇·战天,,3101007,12052,兽族输出战士,201,,[],5,,,1,1,,,,
10012,赤锯·斯科特,,3101018,12052,机械族减伤重装,201,,[],5,,,1,1,,,,
10013,中将·麦克,,3101019,,机械族增益辅助,201,,[],4,,,1,1,,,,
10014,战甲·奥丁,,3101016,12052,机械族增益重装,201,,[],5,,,1,1,,,,
10015,剑豪·神户原,,3101015,12052,机械族控制战士,201,,[],5,,,1,1,,,,
10016,狙神·西蒙,,3101014,12052,机械族输出射手,201,,[],5,,,1,1,,,,
10017,雷电·特斯拉,,3101017,12052,机械族辅助射手,201,,[],5,,,1,1,,,,
10018,无面者·修罗,,3101012,12052,神族输出法师,201,,[],5,,,1,1,,,,
10019,星语者·梅林,,3101003,12052,神族辅助法师,201,,[],5,,,1,1,,,,
10020,执剑者·但丁,,3101009,12052,神族控制法师,201,,[],5,,,1,1,,,,
10021,蛮犀·铁牛,,3101031,,兽族输出战士,201,,[],4,,,1,1,,,,
10022,圣女·贞德,,3101021,12052,人族增益辅助,201,,[],5,,,1,1,,,,
10023,雷法师·封正,,3101013,,人族输出法师,201,,[],4,,,1,1,,,,
10024,烈弓·黄凛,,3101023,12052,人族输出射手,201,,[],5,,,1,1,,,,
10025,黑寡妇·玛丽,,3101027,12052,兽族输出刺客,201,,[],5,,,1,1,,,,
10026,牛仔·比尔,,3101033,12052,兽族减益刺客,201,,[],5,,,1,1,,,,
10027,金象·阿育王,,3101029,12052,兽族护盾重装,201,,[],5,,,1,1,,,,
10028,熊王·乌尔萨,,3101030,12052,兽族控制重装,201,,[],5,,,1,1,,,,
10029,荆棘盾·威廉,,3101020,12052,机械族反伤重装,201,,[],5,,,1,1,,,,
10030,龙骑士·亚瑟,,3101022,12052,人族召唤战士,201,,[],5,,,1,1,,,,
20001,龙·尼德霍格,,3101022,12052,终焉的巨龙,201,,[],5,,,1,1,,,,
10031,巨刃·卢修斯,,3101047,,机械族控制战士,201,,[],4,,,1,1,,,,
10032,铁虎·谛尊,,3101025,,机械族减伤重装,201,,[],4,,,1,1,,,,
10033,利爪·哈兹尔,,3101050,,兽族输出刺客,201,,[],4,,,1,1,,,,
10034,合金剑·赛娜,,3101028,12052,机械族控制刺客,201,,[],5,,,1,1,,,,
10035,玄术师·梅,,3101068,12052,人族辅助法师,201,,[],5,,,1,1,,,,
10036,赤犬·克拉克,,3101049,,兽族减益刺客,201,,[],4,,,1,1,,,,
10037,素琴·雅音,,3101005,,人族辅助法师,201,,[],4,,,1,1,,,,
10038,太阳神·拉,,3101035,12052,神族输出射手,201,,[],5,,,1,1,,,,
10039,圣骑·凯撒,,3101039,12052,机械族减伤重装,201,,[],5,,,1,1,,,,
10040,符道师·封安,,3101048,,人族辅助法师,201,,[],4,,,1,1,,,,
10041,撼地者·比顿,,3101040,12052,机械族控制战士,201,,[],5,,,1,1,,,,
10042,重剑·阿瑞斯,,3101073,12052,机械族输出战士,201,,[],5,,,1,1,,,,
10043,血刺·莉莉丝,,3101032,12052,兽族输出刺客,201,,[],5,,,1,1,,,,
10044,审判者·高文,,3101076,12052,神族输出战士,201,,[],5,,,1,1,,,,
10045,狩灵者·罗宾,,3101075,12052,神族减益射手,201,,[],5,,,1,1,,,,
10046,道法·正宏,,3101071,12052,兽族输出法师,201,,[],5,,,1,1,,,,
10047,守卫者·辛格,,3101066,12052,人族辅助战士,201,,[],5,,,1,1,,,,
10048,夺灵师·樱,,3101067,12052,人族辅助法师,201,,[],5,,,1,1,,,,
10049,树灵·安娜,,3101069,12052,兽族辅助射手,201,,[],5,,,1,1,,,,
10050,FS·雷火,,3101072,12052,机械族输出射手,201,,[],5,,,1,1,,,,
10051,RQ·瓦伦,,3101074,12052,机械族辅助射手,201,,[],5,,,1,1,,,,
10052,断首者·亚当,,3101077,12052,神族控制重装,201,,[],5,,,1,1,,,,
10053,毁灭·阿提拉,,3101070,12052,兽族前排重装,201,,[],5,,,1,1,,,,
10054,锁链·曹崇,,3101038,12052,机械控制战士,201,,[],5,,,1,1,,,,
10055,飞轮·布狄卡,,3101026,12052,兽族弹射射手,201,,[],5,,,1,1,,,,
10056,千手·谱,,3101024,12052,神族多少女法师,201,,[],5,,,1,1,,,,
10057,先锋·吉平,,3101037,,人族四星前排,201,,[],4,,,1,1,,,,
18001,高阶融合灵,,3101043,12052,华而不实的灵体,201,,[],5,,,1,1,,,,
18002,中阶融合灵,,3101043,,华而不实的灵体,201,,[],4,,,1,1,,,,
19101,锈刃·艾迪,,3101058,,兽族输出战士,201,,[],1,,,1,1,,,,
19102,刺刀·布尼安,,3101063,,机械族输出战士,201,,[],1,,,1,1,,,,
19103,土蜥·沃克,,3101060,,兽族输出射手,201,,[],1,,,1,1,,,,
19104,火炮·奥尼尔,,3101054,,机械族输出射手,201,,[],1,,,1,1,,,,
19201,钝刀·里德,,3101059,,兽族输出战士,201,,[],2,,,1,1,,,,
19202,钢刺·福格斯,,3101064,,机械族输出战士,201,,[],2,,,1,1,,,,
19203,重炮·瓦伦丁,,3101062,,机械族输出射手,201,,[],2,,,1,1,,,,
19204,绿蜥·贝尔,,3101061,,兽族输出射手,201,,[],2,,,1,1,,,,
19301,蓝甲·亨利,,3101044,,兽族输出战士,201,,[],3,,,1,1,,,,
19302,蓝甲·波尔,,3101044,,兽族输出战士,201,,[],3,,,1,1,,,,
19303,狂刺·霍尔,,3101046,,机械族输出战士,201,,[],3,,,1,1,,,,
19304,星灵·里德,,3101043,,华而不实的灵体,201,,[],3,,,1,1,,,,
19305,冰蜥·布朗,,3101045,,兽族输出射手,201,,[],3,,,1,1,,,,
19306,炎炮·维克托,,3101053,,机械族输出射手,201,,[],3,,,1,1,,,,
19308,狂刺·霍尔,,3101046,,机械族输出战士,201,,[],3,,,1,1,,,,
19307,蓝甲·科洛,,3101044,,兽族输出战士,201,,[],3,,,1,1,,,,
43001,侍者节仗,,3101301,,价值连城的神器,201,,[],3,,,1,1,,,,
43002,秘法之球,,3101309,,价值连城的神器,201,,[],3,,,1,1,,,,
43003,地精长鞭,,3101306,,价值连城的神器,201,,[],3,,,1,1,,,,
43004,山丘拳套,,3101307,,价值连城的神器,201,,[],3,,,1,1,,,,
43005,燃源之罐,,3101304,,价值连城的神器,201,,[],3,,,1,1,,,,
43006,树林之斧,,3101305,,价值连城的神器,201,,[],3,,,1,1,,,,
43011,黯淡眷书,,3101302,,价值连城的神器,201,,[],3,,,1,1,,,,
43012,精炼重杵,,3101308,,价值连城的神器,201,,[],3,,,1,1,,,,
44001,公主宝杖,,3101311,,价值连城的神器,201,,[],4,,,1,1,,,,
44002,窥测之球,,3101319,,价值连城的神器,201,,[],4,,,1,1,,,,
44003,狡诈长鞭,,3101316,,价值连城的神器,201,,[],4,,,1,1,,,,
44004,川岳拳套,,3101317,,价值连城的神器,201,,[],4,,,1,1,,,,
44005,灵源之罐,,3101314,,价值连城的神器,201,,[],4,,,1,1,,,,
44006,增收之斧,,3101315,,价值连城的神器,201,,[],4,,,1,1,,,,
44007,探索内政4,,3101315,,价值连城的神器,201,,[],4,,,1,1,,,,
44008,引擎内政4,,3101315,,价值连城的神器,201,,[],4,,,1,1,,,,
44009,装备内政4,,3101315,,价值连城的神器,201,,[],4,,,1,1,,,,
44010,政治内政4,,3101315,,价值连城的神器,201,,[],4,,,1,1,,,,
44011,灵谕眷书,,3101322,,价值连城的神器,201,,[],4,,,1,1,,,,
44012,灵能重杵,,3101318,,价值连城的神器,201,,[],4,,,1,1,,,,
45001,恩赐权杖,,3101321,12052,价值连城的神器,201,,[],5,,,1,1,,,,
45002,占卜之球,,3101329,12052,价值连城的神器,201,,[],5,,,1,1,,,,
45003,欺诈长鞭,,3101326,12052,价值连城的神器,201,,[],5,,,1,1,,,,
45004,大地拳套,,3101327,12052,价值连城的神器,201,,[],5,,,1,1,,,,
45005,神源之罐,,3101324,12052,价值连城的神器,201,,[],5,,,1,1,,,,
45006,丰收之斧,,3101325,12052,价值连城的神器,201,,[],5,,,1,1,,,,
45007,神谕眷书,,3101322,12052,价值连城的神器,201,,[],5,,,1,1,,,,
45008,神乐重杵,,3101328,12052,价值连城的神器,201,,[],5,,,1,1,,,,
45009,探索内政5,,3101328,12052,价值连城的神器,201,,[],5,,,1,1,,,,
45010,引擎内政5,,3101328,12052,价值连城的神器,201,,[],5,,,1,1,,,,
45011,装备内政5,,3101328,12052,价值连城的神器,201,,[],5,,,1,1,,,,
45012,政治内政5,,3101328,12052,价值连城的神器,201,,[],5,,,1,1,,,,
50001,城防守军,,1,,价值连城的神器,201,,[],1,,,1,1,,,,
60001,AI副官,,3101002,,价值连城的神器,201,,[],1,,,1,1,,,,
60002,AI副官,,3101002,,价值连城的神器,201,,[],1,,,1,1,,,,
60003,我,,3101002,,价值连城的神器,201,,[],1,,,1,1,,,,
60004,系统,,3101002,,价值连城的神器,201,,[],1,,,1,1,,,,
99995,引擎测试,,3101002,,价值连城的神器,201,,[],1,,,1,1,,,,
99996,引擎测试,,3101002,,价值连城的神器,201,,[],1,,,1,1,,,,
99997,引擎测试,,3101002,,价值连城的神器,201,,[],1,,,1,1,,,,
99998,探索测试,,3101002,,价值连城的神器,201,,[],1,,,1,1,,,,
99999,锻造测试,,3101002,,价值连城的神器,201,,[],1,,,1,1,,,,
1010101,木杖,,1010101,,[e2d7cc]普通殖装[-]，英雄达到20级即可穿戴,301,31,"[(11,150)]",1,3,20,1,1,,,,
1010102,铁剑,,1010102,,[e2d7cc]普通殖装[-]，英雄达到20级即可穿戴,301,31,"[(11,150)]",1,3,20,1,1,,,,
1010103,钢弓,,1010103,,[e2d7cc]普通殖装[-]，英雄达到20级即可穿戴,301,31,"[(11,150)]",1,3,20,1,1,,,,
1010104,战斧,,1010104,,[e2d7cc]普通殖装[-]，英雄达到20级即可穿戴,301,31,"[(11,150)]",1,3,20,1,1,,,,
1010105,重炮,,1010105,,[e2d7cc]普通殖装[-]，英雄达到20级即可穿戴,301,31,"[(11,150)]",1,3,20,1,1,,,,
1010106,手炮,,1010105,,[e2d7cc]普通殖装[-]，英雄达到20级即可穿戴,301,31,"[(11,150)]",1,3,20,1,1,,,,
1010201,杉木杖,,1010201,,[72c591]精良殖装[-]，英雄达到20级即可穿戴,301,31,"[(11,150)]",2,3,50,1,1,,,,
1010202,精钢剑,,1010202,,[72c591]精良殖装[-]，英雄达到20级即可穿戴,301,31,"[(11,150)]",2,3,50,1,1,,,,
1010203,丛林弓,,1010203,,[72c591]精良殖装[-]，英雄达到20级即可穿戴,301,31,"[(11,150)]",2,3,50,1,1,,,,
1010204,金刚斧,,1010204,,[72c591]精良殖装[-]，英雄达到20级即可穿戴,301,31,"[(11,150)]",2,3,50,1,1,,,,
1010205,动力炮,,1010205,,[72c591]精良殖装[-]，英雄达到20级即可穿戴,301,31,"[(11,150)]",2,3,50,1,1,,,,
1010206,手持炮,,1010205,,[72c591]精良殖装[-]，英雄达到20级即可穿戴,301,31,"[(11,150)]",2,3,50,1,1,,,,
1010301,奥法权杖,,1010301,,[71c1d5]稀有殖装[-]，英雄达到20级即可穿戴,301,31,"[(11,150)]",3,3,100,1,1,,,,
1010302,亡语寒剑,,1010302,,[71c1d5]稀有殖装[-]，英雄达到20级即可穿戴,301,31,"[(11,150)]",3,3,100,1,1,,,,
1010303,林语长弓,,1010303,,[71c1d5]稀有殖装[-]，英雄达到20级即可穿戴,301,31,"[(11,150)]",3,3,100,1,1,,,,
1010304,寒霜战斧,,1010304,,[71c1d5]稀有殖装[-]，英雄达到20级即可穿戴,301,31,"[(11,150)]",3,3,100,1,1,,,,
1010305,聚能炮枪,,1010305,,[71c1d5]稀有殖装[-]，英雄达到20级即可穿戴,301,31,"[(11,150)]",3,3,100,1,1,,,,
1010306,盈能手炮,,1010305,,[71c1d5]稀有殖装[-]，英雄达到20级即可穿戴,301,31,"[(11,150)]",3,3,100,1,1,,,,
1010401,光痕的审判,,1010401,,[df8edc]卓越殖装[-]，英雄达到20级即可穿戴,301,31,"[(11,150)]",4,3,500,1,1,,,,
1010402,王者的誓约,,1010402,,[df8edc]卓越殖装[-]，英雄达到20级即可穿戴,301,31,"[(11,150)]",4,3,500,1,1,,,,
1010403,森林庇护者,,1010403,,[df8edc]卓越殖装[-]，英雄达到20级即可穿戴,301,31,"[(11,150)]",4,3,500,1,1,,,,
1010404,凋零者战斧,,1010404,,[df8edc]卓越殖装[-]，英雄达到20级即可穿戴,301,31,"[(11,150)]",4,3,500,1,1,,,,
1010405,行星吞噬者,,1010405,,[df8edc]卓越殖装[-]，英雄达到20级即可穿戴,301,31,"[(11,150)]",4,3,500,1,1,,,,
1010406,帝王手弩炮,,1010405,,[df8edc]卓越殖装[-]，英雄达到20级即可穿戴,301,31,"[(11,150)]",4,3,500,1,1,,,,
1010501,神罚者的裁决,,1010501,12052,[e4c67d]完美殖装[-]，英雄达到20级即可穿戴,301,31,"[(11,150)]",5,3,1000,1,1,,,,
1010502,炼狱守护之怒,,1010502,12052,[e4c67d]完美殖装[-]，英雄达到20级即可穿戴,301,31,"[(11,150)]",5,3,1000,1,1,,,,
1010503,德鲁伊之狂猎,,1010503,12052,[e4c67d]完美殖装[-]，英雄达到20级即可穿戴,301,31,"[(11,150)]",5,3,1000,1,1,,,,
1010504,天堂陷落之歌,,1010504,12052,[e4c67d]完美殖装[-]，英雄达到20级即可穿戴,301,31,"[(11,150)]",5,3,1000,1,1,,,,
1010505,湮星者烈炮枪,,1010505,12052,[e4c67d]完美殖装[-]，英雄达到20级即可穿戴,301,31,"[(11,150)]",5,3,1000,1,1,,,,
1010506,手持式光湮炮,,1010505,12052,[e4c67d]完美殖装[-]，英雄达到20级即可穿戴,301,31,"[(11,150)]",5,3,1000,1,1,,,,
1020101,钢甲,,1020101,,[e2d7cc]普通殖装[-]，英雄达到20级即可穿戴,301,32,"[(11,150)]",1,3,20,1,1,,,,
1020102,铁甲,,1020102,,[e2d7cc]普通殖装[-]，英雄达到20级即可穿戴,301,32,"[(11,150)]",1,3,20,1,1,,,,
1020103,战铠,,1020103,,[e2d7cc]普通殖装[-]，英雄达到20级即可穿戴,301,32,"[(11,150)]",1,3,20,1,1,,,,
1020104,重甲,,1020104,,[e2d7cc]普通殖装[-]，英雄达到20级即可穿戴,301,32,"[(11,150)]",1,3,20,1,1,,,,
1020105,轻甲,,1020105,,[e2d7cc]普通殖装[-]，英雄达到20级即可穿戴,301,32,"[(11,150)]",1,3,20,1,1,,,,
1020106,轻铠,,1020105,,[e2d7cc]普通殖装[-]，英雄达到20级即可穿戴,301,32,"[(11,150)]",1,3,20,1,1,,,,
1020201,蛮赤铠,,1020201,,[72c591]精良殖装[-]，英雄达到20级即可穿戴,301,32,"[(11,150)]",2,3,50,1,1,,,,
1020202,镀银铠,,1020202,,[72c591]精良殖装[-]，英雄达到20级即可穿戴,301,32,"[(11,150)]",2,3,50,1,1,,,,
1020203,机动铠,,1020203,,[72c591]精良殖装[-]，英雄达到20级即可穿戴,301,32,"[(11,150)]",2,3,50,1,1,,,,
1020204,炎能甲,,1020204,,[72c591]精良殖装[-]，英雄达到20级即可穿戴,301,32,"[(11,150)]",2,3,50,1,1,,,,
1020205,武士铠,,1020205,,[72c591]精良殖装[-]，英雄达到20级即可穿戴,301,32,"[(11,150)]",2,3,50,1,1,,,,
1020206,朱雀铠,,1020205,,[72c591]精良殖装[-]，英雄达到20级即可穿戴,301,32,"[(11,150)]",2,3,50,1,1,,,,
1020301,寒能盾甲,,1020301,,[71c1d5]稀有殖装[-]，英雄达到20级即可穿戴,301,32,"[(11,150)]",3,3,100,1,1,,,,
1020302,冷萃青铠,,1020302,,[71c1d5]稀有殖装[-]，英雄达到20级即可穿戴,301,32,"[(11,150)]",3,3,100,1,1,,,,
1020303,动能战铠,,1020303,,[71c1d5]稀有殖装[-]，英雄达到20级即可穿戴,301,32,"[(11,150)]",3,3,100,1,1,,,,
1020304,火力重铠,,1020304,,[71c1d5]稀有殖装[-]，英雄达到20级即可穿戴,301,32,"[(11,150)]",3,3,100,1,1,,,,
1020305,武士轻甲,,1020305,,[71c1d5]稀有殖装[-]，英雄达到20级即可穿戴,301,32,"[(11,150)]",3,3,100,1,1,,,,
1020306,炎雀轻铠,,1020305,,[71c1d5]稀有殖装[-]，英雄达到20级即可穿戴,301,32,"[(11,150)]",3,3,100,1,1,,,,
1020401,烽火斥候铠,,1020401,,[df8edc]卓越殖装[-]，英雄达到20级即可穿戴,301,32,"[(11,150)]",4,3,500,1,1,,,,
1020402,改良鱼鳞甲,,1020402,,[df8edc]卓越殖装[-]，英雄达到20级即可穿戴,301,32,"[(11,150)]",4,3,500,1,1,,,,
1020403,湮能者之甲,,1020403,,[df8edc]卓越殖装[-]，英雄达到20级即可穿戴,301,32,"[(11,150)]",4,3,500,1,1,,,,
1020404,野蛮人之怒,,1020404,,[df8edc]卓越殖装[-]，英雄达到20级即可穿戴,301,32,"[(11,150)]",4,3,500,1,1,,,,
1020405,赤炎武士铠,,1020405,,[df8edc]卓越殖装[-]，英雄达到20级即可穿戴,301,32,"[(11,150)]",4,3,500,1,1,,,,
1020406,赤炎焚雀铠,,1020405,,[df8edc]卓越殖装[-]，英雄达到20级即可穿戴,301,32,"[(11,150)]",4,3,500,1,1,,,,
1020501,细胞增殖装甲,,1020501,12052,[e4c67d]完美殖装[-]，英雄达到20级即可穿戴,301,32,"[(11,150)]",5,3,1000,1,1,,,,
1020502,声波阻控战铠,,1020502,12052,[e4c67d]完美殖装[-]，英雄达到20级即可穿戴,301,32,"[(11,150)]",5,3,1000,1,1,,,,
1020503,空跃灵动战铠,,1020503,12052,[e4c67d]完美殖装[-]，英雄达到20级即可穿戴,301,32,"[(11,150)]",5,3,1000,1,1,,,,
1020504,神孽克星重铠,,1020504,12052,[e4c67d]完美殖装[-]，英雄达到20级即可穿戴,301,32,"[(11,150)]",5,3,1000,1,1,,,,
1020505,天下布武战甲,,1020505,12052,[e4c67d]完美殖装[-]，英雄达到20级即可穿戴,301,32,"[(11,150)]",5,3,1000,1,1,,,,
1020506,焚雀陨神轻铠,,1020505,12052,[e4c67d]完美殖装[-]，英雄达到20级即可穿戴,301,32,"[(11,150)]",5,3,1000,1,1,,,,
1030101,泛用式推进器,,1030101,,[e2d7cc]普通殖装[-]，英雄达到20级即可穿戴,301,33,"[(11,150)]",1,3,20,1,1,,,,
1030102,外挂式推进器,,1030102,,[e2d7cc]普通殖装[-]，英雄达到20级即可穿戴,301,33,"[(11,150)]",1,3,20,1,1,,,,
1030103,底接式推进器,,1030103,,[e2d7cc]普通殖装[-]，英雄达到20级即可穿戴,301,33,"[(11,150)]",1,3,20,1,1,,,,
1030104,尾挂式推进器,,1030104,,[e2d7cc]普通殖装[-]，英雄达到20级即可穿戴,301,33,"[(11,150)]",1,3,20,1,1,,,,
1030105,高速燃油引擎,,1030105,,[e2d7cc]普通殖装[-]，英雄达到20级即可穿戴,301,33,"[(11,150)]",1,3,20,1,1,,,,
1030106,音速灵能引擎,,1030105,,[e2d7cc]普通殖装[-]，英雄达到20级即可穿戴,301,33,"[(11,150)]",1,3,20,1,1,,,,
1030201,常动力推进器,,1030201,,[72c591]精良殖装[-]，英雄达到20级即可穿戴,301,33,"[(11,150)]",2,3,50,1,1,,,,
1030202,瞬发牵引模块,,1030202,,[72c591]精良殖装[-]，英雄达到20级即可穿戴,301,33,"[(11,150)]",2,3,50,1,1,,,,
1030203,底挂热推进器,,1030203,,[72c591]精良殖装[-]，英雄达到20级即可穿戴,301,33,"[(11,150)]",2,3,50,1,1,,,,
1030204,尾挂热推环,,1030204,,[72c591]精良殖装[-]，英雄达到20级即可穿戴,301,33,"[(11,150)]",2,3,50,1,1,,,,
1030205,全角度调节器,,1030205,,[72c591]精良殖装[-]，英雄达到20级即可穿戴,301,33,"[(11,150)]",2,3,50,1,1,,,,
1030206,矢量调节器,,1030205,,[72c591]精良殖装[-]，英雄达到20级即可穿戴,301,33,"[(11,150)]",2,3,50,1,1,,,,
1030301,金锡源能引擎,,1030301,,[71c1d5]稀有殖装[-]，英雄达到20级即可穿戴,301,33,"[(11,150)]",3,3,100,1,1,,,,
1030302,红外衍波引擎,,1030302,,[71c1d5]稀有殖装[-]，英雄达到20级即可穿戴,301,33,"[(11,150)]",3,3,100,1,1,,,,
1030303,高压动能引擎,,1030303,,[71c1d5]稀有殖装[-]，英雄达到20级即可穿戴,301,33,"[(11,150)]",3,3,100,1,1,,,,
1030304,爆破式推进器,,1030304,,[71c1d5]稀有殖装[-]，英雄达到20级即可穿戴,301,33,"[(11,150)]",3,3,100,1,1,,,,
1030305,重力磁抵器,,1030305,,[71c1d5]稀有殖装[-]，英雄达到20级即可穿戴,301,33,"[(11,150)]",3,3,100,1,1,,,,
1030306,反重力发生器,,1030305,,[71c1d5]稀有殖装[-]，英雄达到20级即可穿戴,301,33,"[(11,150)]",3,3,100,1,1,,,,
1030401,中子湮灭引擎,,1030401,,[df8edc]卓越殖装[-]，英雄达到20级即可穿戴,301,33,"[(11,150)]",4,3,500,1,1,,,,
1030402,核能聚变引擎,,1030402,,[df8edc]卓越殖装[-]，英雄达到20级即可穿戴,301,33,"[(11,150)]",4,3,500,1,1,,,,
1030403,核消减发生器,,1030403,,[df8edc]卓越殖装[-]，英雄达到20级即可穿戴,301,33,"[(11,150)]",4,3,500,1,1,,,,
1030404,热寂发生模块,,1030404,,[df8edc]卓越殖装[-]，英雄达到20级即可穿戴,301,33,"[(11,150)]",4,3,500,1,1,,,,
1030405,磁能反推器,,1030405,,[df8edc]卓越殖装[-]，英雄达到20级即可穿戴,301,33,"[(11,150)]",4,3,500,1,1,,,,
1030406,磁力场推进器,,1030405,,[df8edc]卓越殖装[-]，英雄达到20级即可穿戴,301,33,"[(11,150)]",4,3,500,1,1,,,,
1030501,零点能跃迁器,,1030501,12052,[e4c67d]完美殖装[-]，英雄达到20级即可穿戴,301,33,"[(11,150)]",5,3,1000,1,1,,,,
1030502,空间折叠引擎,,1030502,12052,[e4c67d]完美殖装[-]，英雄达到20级即可穿戴,301,33,"[(11,150)]",5,3,1000,1,1,,,,
1030503,纯能化跃迁器,,1030503,12052,[e4c67d]完美殖装[-]，英雄达到20级即可穿戴,301,33,"[(11,150)]",5,3,1000,1,1,,,,
1030504,空间湮灭引擎,,1030504,12052,[e4c67d]完美殖装[-]，英雄达到20级即可穿戴,301,33,"[(11,150)]",5,3,1000,1,1,,,,
1030505,维度穿行引擎,,1030505,12052,[e4c67d]完美殖装[-]，英雄达到20级即可穿戴,301,33,"[(11,150)]",5,3,1000,1,1,,,,
1030506,宙间跃迁引擎,,1030505,12052,[e4c67d]完美殖装[-]，英雄达到20级即可穿戴,301,33,"[(11,150)]",5,3,1000,1,1,,,,
1040101,聚能球,,1040101,,[e2d7cc]普通殖装[-]，英雄达到20级即可穿戴,301,34,"[(11,150)]",1,3,20,1,1,,,,
1040102,镜子,,1040102,,[e2d7cc]普通殖装[-]，英雄达到20级即可穿戴,301,34,"[(11,150)]",1,3,20,1,1,,,,
1040103,晶镜,,1040103,,[e2d7cc]普通殖装[-]，英雄达到20级即可穿戴,301,34,"[(11,150)]",1,3,20,1,1,,,,
1040104,吊坠,,1040104,,[e2d7cc]普通殖装[-]，英雄达到20级即可穿戴,301,34,"[(11,150)]",1,3,20,1,1,,,,
1040105,邪眼,,1040105,,[e2d7cc]普通殖装[-]，英雄达到20级即可穿戴,301,34,"[(11,150)]",1,3,20,1,1,,,,
1040106,魔眼,,1040105,,[e2d7cc]普通殖装[-]，英雄达到20级即可穿戴,301,34,"[(11,150)]",1,3,20,1,1,,,,
1040201,能量之球,,1040201,,[72c591]精良殖装[-]，英雄达到20级即可穿戴,301,34,"[(11,150)]",2,3,50,1,1,,,,
1040202,护心镜,,1040202,,[72c591]精良殖装[-]，英雄达到20级即可穿戴,301,34,"[(11,150)]",2,3,50,1,1,,,,
1040203,灵晶镜,,1040203,,[72c591]精良殖装[-]，英雄达到20级即可穿戴,301,34,"[(11,150)]",2,3,50,1,1,,,,
1040204,神秘吊坠,,1040204,,[72c591]精良殖装[-]，英雄达到20级即可穿戴,301,34,"[(11,150)]",2,3,50,1,1,,,,
1040205,邪灵珠,,1040205,,[72c591]精良殖装[-]，英雄达到20级即可穿戴,301,34,"[(11,150)]",2,3,50,1,1,,,,
1040206,堕灵珠,,1040205,,[72c591]精良殖装[-]，英雄达到20级即可穿戴,301,34,"[(11,150)]",2,3,50,1,1,,,,
1040301,奥法光子球,,1040301,,[71c1d5]稀有殖装[-]，英雄达到20级即可穿戴,301,34,"[(11,150)]",3,3,100,1,1,,,,
1040302,折射棱镜,,1040302,,[71c1d5]稀有殖装[-]，英雄达到20级即可穿戴,301,34,"[(11,150)]",3,3,100,1,1,,,,
1040303,光灵晶镜,,1040303,,[71c1d5]稀有殖装[-]，英雄达到20级即可穿戴,301,34,"[(11,150)]",3,3,100,1,1,,,,
1040304,亡语挂件,,1040304,,[71c1d5]稀有殖装[-]，英雄达到20级即可穿戴,301,34,"[(11,150)]",3,3,100,1,1,,,,
1040305,孤魂凝珠,,1040305,,[71c1d5]稀有殖装[-]，英雄达到20级即可穿戴,301,34,"[(11,150)]",3,3,100,1,1,,,,
1040306,堕魔妖珠,,1040305,,[71c1d5]稀有殖装[-]，英雄达到20级即可穿戴,301,34,"[(11,150)]",3,3,100,1,1,,,,
1040401,心灵探测器,,1040401,,[df8edc]卓越殖装[-]，英雄达到20级即可穿戴,301,34,"[(11,150)]",4,3,500,1,1,,,,
1040402,浩瀚星灵镜,,1040402,,[df8edc]卓越殖装[-]，英雄达到20级即可穿戴,301,34,"[(11,150)]",4,3,500,1,1,,,,
1040403,盈能核心,,1040403,,[df8edc]卓越殖装[-]，英雄达到20级即可穿戴,301,34,"[(11,150)]",4,3,500,1,1,,,,
1040404,魂灵收割者,,1040404,,[df8edc]卓越殖装[-]，英雄达到20级即可穿戴,301,34,"[(11,150)]",4,3,500,1,1,,,,
1040405,炎邪之珠,,1040405,,[df8edc]卓越殖装[-]，英雄达到20级即可穿戴,301,34,"[(11,150)]",4,3,500,1,1,,,,
1040406,魔炎邪珠,,1040405,,[df8edc]卓越殖装[-]，英雄达到20级即可穿戴,301,34,"[(11,150)]",4,3,500,1,1,,,,
1040501,奥术霜法球,,1040501,12052,[e4c67d]完美殖装[-]，英雄达到20级即可穿戴,301,34,"[(11,150)]",5,3,1000,1,1,,,,
1040502,永恒聚能光镜,,1040502,12052,[e4c67d]完美殖装[-]，英雄达到20级即可穿戴,301,34,"[(11,150)]",5,3,1000,1,1,,,,
1040503,能量神粹,,1040503,12052,[e4c67d]完美殖装[-]，英雄达到20级即可穿戴,301,34,"[(11,150)]",5,3,1000,1,1,,,,
1040504,哈迪斯的低吟,,1040504,12052,[e4c67d]完美殖装[-]，英雄达到20级即可穿戴,301,34,"[(11,150)]",5,3,1000,1,1,,,,
1040505,炎魔的允诺,,1040505,12052,[e4c67d]完美殖装[-]，英雄达到20级即可穿戴,301,34,"[(11,150)]",5,3,1000,1,1,,,,
1040506,甘道夫的哭嚎,,1040505,12052,[e4c67d]完美殖装[-]，英雄达到20级即可穿戴,301,34,"[(11,150)]",5,3,1000,1,1,,,,
5010301,奥法权杖,,1010301,,[71c1d5]稀有殖装[-]，英雄达到20级即可穿戴,301,31,"[(11,150)]",3,3,100,1,1,,,,
5020301,寒能盾甲,,1020301,,[71c1d5]稀有殖装[-]，英雄达到20级即可穿戴,301,32,"[(11,150)]",3,3,100,1,1,,,,
5030301,金锡源能引擎,,1030301,,[71c1d5]稀有殖装[-]，英雄达到20级即可穿戴,301,33,"[(11,150)]",3,3,100,1,1,,,,
5040301,奥法光子球,,1040301,,[71c1d5]稀有殖装[-]，英雄达到20级即可穿戴,301,34,"[(11,150)]",3,3,100,1,1,,,,
6010101,小型补给箱,,2040401,,"获得：
水晶100000
金属100000
粮食200000
石油20000",3,,[],4,1,900001,1,1,,1,,
6010102,小型补给箱,,2040401,,霸业征服之军的小型补给箱,3,,[],4,1,900002,1,1,,1,,
6010103,小型补给箱,,2040401,,霸业巨舰将至的小型补给箱,3,,[],4,1,900003,1,1,,1,,
6010104,小型补给箱,,2040401,,霸业整装待发的小型补给箱,3,,[],4,1,900004,1,1,,1,,
6010105,小型补给箱,,2040401,,霸业神孽入侵的小型补给箱,3,,[],4,1,900005,1,1,,1,,
6010106,小型补给箱,,2040401,,霸业秩序重构的小型补给箱,3,,[],4,1,900006,1,1,,1,,
6010107,小型补给箱,,2040401,,霸业星战将起的小型补给箱,3,,[],4,1,900007,1,1,,1,,
6010108,小型补给箱,,2040401,,霸业战争号角的小型补给箱,3,,[],4,1,900008,1,1,,1,,
6010109,小型补给箱,,2040401,,霸业星球主宰的小型补给箱,3,,[],4,1,900009,1,1,,1,,
6010110,小型补给箱,,2040401,,霸业进军神域的小型补给箱,3,,[],4,1,900010,1,1,,1,,
6010111,小型补给箱,,2040401,,霸业星域之主的小型补给箱,3,,[],4,1,900011,1,1,,1,,
6010112,小型补给箱,,2040401,,霸业星战霸主的小型补给箱,3,,[],4,1,900012,1,1,,1,,
6010201,中型补给箱,,2040401,,"获得：
水晶150000
金属150000
粮食300000
石油30000",3,,[],4,1,900013,1,1,,1,,
6010202,中型补给箱,,2040401,,霸业征服之军的中型补给箱,3,,[],4,1,900014,1,1,,1,,
6010203,中型补给箱,,2040401,,霸业巨舰将至的中型补给箱,3,,[],4,1,900015,1,1,,1,,
6010204,中型补给箱,,2040401,,霸业整装待发的中型补给箱,3,,[],4,1,900016,1,1,,1,,
6010205,中型补给箱,,2040401,,霸业神孽入侵的中型补给箱,3,,[],4,1,900017,1,1,,1,,
6010206,中型补给箱,,2040401,,霸业秩序重构的中型补给箱,3,,[],4,1,900018,1,1,,1,,
6010207,中型补给箱,,2040401,,霸业星战将起的中型补给箱,3,,[],4,1,900019,1,1,,1,,
6010208,中型补给箱,,2040401,,霸业战争号角的中型补给箱,3,,[],4,1,900020,1,1,,1,,
6010209,中型补给箱,,2040401,,霸业星球主宰的中型补给箱,3,,[],4,1,900021,1,1,,1,,
6010210,中型补给箱,,2040401,,霸业进军神域的中型补给箱,3,,[],4,1,900022,1,1,,1,,
6010211,中型补给箱,,2040401,,霸业星域之主的中型补给箱,3,,[],4,1,900023,1,1,,1,,
6010212,中型补给箱,,2040401,,霸业星战霸主的中型补给箱,3,,[],4,1,900024,1,1,,1,,
6010301,大型补给箱,,2040401,,"获得：
水晶300000
金属300000
粮食600000
石油60000",3,,[],4,1,900025,1,1,,1,,
6010302,大型补给箱,,2040401,,霸业征服之军的大型补给箱,3,,[],4,1,900026,1,1,,1,,
6010303,大型补给箱,,2040401,,霸业巨舰将至的大型补给箱,3,,[],4,1,900027,1,1,,1,,
6010304,大型补给箱,,2040401,,霸业整装待发的大型补给箱,3,,[],4,1,900028,1,1,,1,,
6010305,大型补给箱,,2040401,,霸业神孽入侵的大型补给箱,3,,[],4,1,900029,1,1,,1,,
6010306,大型补给箱,,2040401,,霸业秩序重构的大型补给箱,3,,[],4,1,900030,1,1,,1,,
6010307,大型补给箱,,2040401,,霸业星战将起的大型补给箱,3,,[],4,1,900031,1,1,,1,,
6010308,大型补给箱,,2040401,,霸业战争号角的大型补给箱,3,,[],4,1,900032,1,1,,1,,
6010309,大型补给箱,,2040401,,霸业星球主宰的大型补给箱,3,,[],4,1,900033,1,1,,1,,
6010310,大型补给箱,,2040401,,霸业进军神域的大型补给箱,3,,[],4,1,900034,1,1,,1,,
6010311,大型补给箱,,2040401,,霸业星域之主的大型补给箱,3,,[],4,1,900035,1,1,,1,,
6010312,大型补给箱,,2040401,,霸业星战霸主的大型补给箱,3,,[],4,1,900036,1,1,,1,,
7010001,一级补给箱,,2040401,,日常试炼进度补给箱,7,,[],4,1,1000001,1,1,1,,,
7010002,二级补给箱,,2040401,,日常试炼进度补给箱,7,,[],4,1,1000002,1,1,1,,,
7010003,三级补给箱,,2040401,,日常试炼进度补给箱,7,,[],4,1,1000003,1,1,1,,,
7010004,四级补给箱,,2040401,,日常试炼进度补给箱,7,,[],4,1,1000004,1,1,1,,,
7010005,五级补给箱,,2040401,,日常试炼进度补给箱,7,,[],4,1,1000005,1,1,1,,,
7010006,六级补给箱,,2040401,,日常试炼进度补给箱,7,,[],4,1,1000006,1,1,1,,,
7010007,七级补给箱,,2040401,,日常试炼进度补给箱,7,,[],4,1,1000007,1,1,1,,,
7010008,八级补给箱,,2040401,,日常试炼进度补给箱,7,,[],4,1,1000008,1,1,1,,,
7010009,九级补给箱,,2040401,,日常试炼进度补给箱,7,,[],4,1,1000009,1,1,1,,,
7010010,十级补给箱,,2040401,,日常试炼进度补给箱,7,,[],4,1,1000010,1,1,1,,,
